id;test_run_id;ts;ts_iso;source;module;metric;value;unit;meta_json
1395;3;1785915164.8105733;2026-08-05T07:32:44.810+00:00;master;ping;dns_resolve;2216.0162000000128;ms;"{""hostname"":""www.google.com""}"
1396;3;1785915164.8226178;2026-08-05T07:32:44.822+00:00;master;ping;dns_resolve;12.0163000001412;ms;"{""hostname"":""www.sbb.ch""}"
1397;3;1785915164.926751;2026-08-05T07:32:44.926+00:00;master;uptime;router_uptime;1727813.0;s;
1398;3;1785915164.9267583;2026-08-05T07:32:44.926+00:00;master;uptime;wan_uptime;1727766.0;s;
1399;3;1785915164.9267635;2026-08-05T07:32:44.926+00:00;master;uptime;sync_down;4294967.0;kbit/s;
1400;3;1785915164.926767;2026-08-05T07:32:44.926+00:00;master;uptime;sync_up;4294967.0;kbit/s;
1401;3;1785915164.926772;2026-08-05T07:32:44.926+00:00;master;uptime;hosts;5.0;;
1402;3;1785915164.9267797;2026-08-05T07:32:44.926+00:00;master;uptime;availability;100.0;%;
1403;3;1785915164.926783;2026-08-05T07:32:44.926+00:00;master;uptime;reboots_unplanned;0.0;;
1404;3;1785915164.926786;2026-08-05T07:32:44.926+00:00;master;uptime;wan_reconnects;0.0;;
1405;3;1785915164.934019;2026-08-05T07:32:44.934+00:00;master;traffic;web_ttfb;1238.6586000002353;ms;"{""profile"":""surfen#2"",""url"":""https://www.ethz.ch/"",""status"":200}"
1406;3;1785915164.934036;2026-08-05T07:32:44.934+00:00;master;traffic;web_total;1241.859700000532;ms;"{""size_bytes"":67278,""profile"":""surfen#2"",""url"":""https://www.ethz.ch/"",""status"":200}"
1407;3;1785915164.9370189;2026-08-05T07:32:44.937+00:00;master;traffic;web_ttfb;1792.4481999998534;ms;"{""profile"":""surfen#1"",""url"":""https://www.ethz.ch/"",""status"":200}"
1408;3;1785915164.9370356;2026-08-05T07:32:44.937+00:00;master;traffic;web_total;1799.5868999996674;ms;"{""size_bytes"":67278,""profile"":""surfen#1"",""url"":""https://www.ethz.ch/"",""status"":200}"
1409;3;1785915165.0126183;2026-08-05T07:32:45.012+00:00;master;traffic;web_ttfb;70.13709999955609;ms;"{""profile"":""surfen#2"",""url"":""https://www.admin.ch/"",""status"":200}"
1410;3;1785915165.0126355;2026-08-05T07:32:45.012+00:00;master;traffic;web_total;78.55839999956515;ms;"{""size_bytes"":259630,""profile"":""surfen#2"",""url"":""https://www.admin.ch/"",""status"":200}"
1411;3;1785915165.016417;2026-08-05T07:32:45.016+00:00;master;traffic;web_ttfb;68.78760000017792;ms;"{""profile"":""surfen#1"",""url"":""https://www.admin.ch/"",""status"":200}"
1412;3;1785915165.0164332;2026-08-05T07:32:45.016+00:00;master;traffic;web_total;79.36040000004141;ms;"{""size_bytes"":259630,""profile"":""surfen#1"",""url"":""https://www.admin.ch/"",""status"":200}"
1413;3;1785915165.0586739;2026-08-05T07:32:45.058+00:00;master;traffic;web_ttfb;43.04560000036872;ms;"{""profile"":""surfen#2"",""url"":""https://www.ch.ch/de"",""status"":200}"
1414;3;1785915165.0586905;2026-08-05T07:32:45.058+00:00;master;traffic;web_total;46.01410000032047;ms;"{""size_bytes"":43250,""profile"":""surfen#2"",""url"":""https://www.ch.ch/de"",""status"":200}"
1415;3;1785915165.0593202;2026-08-05T07:32:45.059+00:00;master;traffic;web_ttfb;37.65170000042417;ms;"{""profile"":""surfen#1"",""url"":""https://www.ch.ch/de"",""status"":200}"
1416;3;1785915165.059333;2026-08-05T07:32:45.059+00:00;master;traffic;web_total;42.87040000053821;ms;"{""size_bytes"":43250,""profile"":""surfen#1"",""url"":""https://www.ch.ch/de"",""status"":200}"
1417;3;1785915165.167506;2026-08-05T07:32:45.167+00:00;master;wlan;clients;0.0;;"{""band"":""2.4GHz"",""ssid"":""TestWLAN-2G""}"
1418;3;1785915165.16752;2026-08-05T07:32:45.167+00:00;master;wlan;clients;2.0;;"{""band"":""5GHz"",""ssid"":""TestWLAN-5G""}"
1419;3;1785915165.1675255;2026-08-05T07:32:45.167+00:00;master;wlan;clients;0.0;;"{""band"":""6GHz"",""ssid"":""FRITZ! Gastzugang""}"
1420;3;1785915165.1677172;2026-08-05T07:32:45.167+00:00;master;wlan;client_rssi;70.0;dBm;"{""mac"":""AA:BB:CC:00:00:01"",""band"":""5GHz""}"
1421;3;1785915165.167724;2026-08-05T07:32:45.167+00:00;master;wlan;client_link_speed;1441.0;Mbit/s;"{""mac"":""AA:BB:CC:00:00:01"",""band"":""5GHz""}"
1422;3;1785915165.1677306;2026-08-05T07:32:45.167+00:00;master;wlan;client_rssi;70.0;dBm;"{""mac"":""AA:BB:CC:00:00:02"",""band"":""5GHz""}"
1423;3;1785915165.1677349;2026-08-05T07:32:45.167+00:00;master;wlan;client_link_speed;720.0;Mbit/s;"{""mac"":""AA:BB:CC:00:00:02"",""band"":""5GHz""}"
1424;3;1785915165.8418534;2026-08-05T07:32:45.841+00:00;master;wlan;local_rssi;-58.0;dBm;"{""band"":""5GHz"",""ssid"":""TestWLAN-5G"",""approximated"":true}"
1425;3;1785915165.8418643;2026-08-05T07:32:45.841+00:00;master;wlan;local_rx_rate;2162.0;Mbit/s;"{""band"":""5GHz""}"
1426;3;1785915169.255049;2026-08-05T07:32:49.255+00:00;master;traffic;stream_rate;4.70407391077055;Mbit/s;"{""profile"":""stream-hd#1"",""target_mbps"":5.0}"
1427;3;1785915172.7300308;2026-08-05T07:32:52.730+00:00;master;uptime;router_uptime;1727823.0;s;
1428;3;1785915172.7300386;2026-08-05T07:32:52.730+00:00;master;uptime;wan_uptime;1727774.0;s;
1429;3;1785915172.730043;2026-08-05T07:32:52.730+00:00;master;uptime;sync_down;4294967.0;kbit/s;
1430;3;1785915172.7300467;2026-08-05T07:32:52.730+00:00;master;uptime;sync_up;4294967.0;kbit/s;
1431;3;1785915172.730051;2026-08-05T07:32:52.730+00:00;master;uptime;hosts;5.0;;
1432;3;1785915172.7300596;2026-08-05T07:32:52.730+00:00;master;uptime;availability;100.0;%;
1433;3;1785915172.7300637;2026-08-05T07:32:52.730+00:00;master;uptime;reboots_unplanned;0.0;;
1434;3;1785915172.7300673;2026-08-05T07:32:52.730+00:00;master;uptime;wan_reconnects;0.0;;
1435;3;1785915172.7300823;2026-08-05T07:32:52.730+00:00;master;uptime;throughput_up;0.30902179574123595;Mbit/s;
1436;3;1785915172.7300858;2026-08-05T07:32:52.730+00:00;master;uptime;throughput_down;8.393991896716598;Mbit/s;
1437;3;1785915174.2864892;2026-08-05T07:32:54.286+00:00;master;traffic;stream_rate;4.793343281913632;Mbit/s;"{""profile"":""stream-hd#1"",""target_mbps"":5.0}"
1438;3;1785915179.3602033;2026-08-05T07:32:59.360+00:00;master;traffic;stream_rate;5.373410897522754;Mbit/s;"{""profile"":""stream-hd#1"",""target_mbps"":5.0}"
1439;3;1785915180.1455302;2026-08-05T07:33:00.145+00:00;master;traffic;web_ttfb;73.66129999991244;ms;"{""profile"":""surfen#1"",""url"":""https://www.ethz.ch/"",""status"":200}"
1440;3;1785915180.145547;2026-08-05T07:33:00.145+00:00;master;traffic;web_total;76.64899999963382;ms;"{""size_bytes"":67278,""profile"":""surfen#1"",""url"":""https://www.ethz.ch/"",""status"":200}"
1441;3;1785915180.1501448;2026-08-05T07:33:00.150+00:00;master;traffic;web_ttfb;80.94919999984995;ms;"{""profile"":""surfen#2"",""url"":""https://www.ethz.ch/"",""status"":200}"
1442;3;1785915180.15016;2026-08-05T07:33:00.150+00:00;master;traffic;web_total;82.9699999994773;ms;"{""size_bytes"":67278,""profile"":""surfen#2"",""url"":""https://www.ethz.ch/"",""status"":200}"
1443;3;1785915180.2267537;2026-08-05T07:33:00.226+00:00;master;traffic;web_ttfb;76.05300000068382;ms;"{""profile"":""surfen#1"",""url"":""https://www.admin.ch/"",""status"":200}"
1444;3;1785915180.2267714;2026-08-05T07:33:00.226+00:00;master;traffic;web_total;81.18600000034348;ms;"{""size_bytes"":256292,""profile"":""surfen#1"",""url"":""https://www.admin.ch/"",""status"":200}"
1445;3;1785915180.2343712;2026-08-05T07:33:00.234+00:00;master;traffic;web_ttfb;79.33190000039758;ms;"{""profile"":""surfen#2"",""url"":""https://www.admin.ch/"",""status"":200}"
1446;3;1785915180.234387;2026-08-05T07:33:00.234+00:00;master;traffic;web_total;84.19049999974959;ms;"{""size_bytes"":256292,""profile"":""surfen#2"",""url"":""https://www.admin.ch/"",""status"":200}"
1447;3;1785915180.2647138;2026-08-05T07:33:00.264+00:00;master;traffic;web_ttfb;35.723500000131025;ms;"{""profile"":""surfen#1"",""url"":""https://www.ch.ch/de"",""status"":200}"
1448;3;1785915180.2647285;2026-08-05T07:33:00.264+00:00;master;traffic;web_total;37.92340000018157;ms;"{""size_bytes"":43250,""profile"":""surfen#1"",""url"":""https://www.ch.ch/de"",""status"":200}"
1449;3;1785915180.2659938;2026-08-05T07:33:00.265+00:00;master;traffic;web_ttfb;26.681899999857706;ms;"{""profile"":""surfen#2"",""url"":""https://www.ch.ch/de"",""status"":200}"
1450;3;1785915180.266008;2026-08-05T07:33:00.266+00:00;master;traffic;web_total;31.586800000695803;ms;"{""size_bytes"":43250,""profile"":""surfen#2"",""url"":""https://www.ch.ch/de"",""status"":200}"
1451;3;1785915182.690904;2026-08-05T07:33:02.690+00:00;master;uptime;router_uptime;1727833.0;s;
1452;3;1785915182.6909122;2026-08-05T07:33:02.690+00:00;master;uptime;wan_uptime;1727784.0;s;
1453;3;1785915182.6909165;2026-08-05T07:33:02.690+00:00;master;uptime;sync_down;4294967.0;kbit/s;
1454;3;1785915182.6909204;2026-08-05T07:33:02.690+00:00;master;uptime;sync_up;4294967.0;kbit/s;
1455;3;1785915182.6909244;2026-08-05T07:33:02.690+00:00;master;uptime;hosts;5.0;;
1456;3;1785915182.6909304;2026-08-05T07:33:02.690+00:00;master;uptime;availability;100.0;%;
1457;3;1785915182.690934;2026-08-05T07:33:02.690+00:00;master;uptime;reboots_unplanned;0.0;;
1458;3;1785915182.6909378;2026-08-05T07:33:02.690+00:00;master;uptime;wan_reconnects;0.0;;
1459;3;1785915182.6909502;2026-08-05T07:33:02.690+00:00;master;uptime;throughput_up;0.6540353121202308;Mbit/s;
1460;3;1785915182.690954;2026-08-05T07:33:02.690+00:00;master;uptime;throughput_down;13.390582020410296;Mbit/s;
1461;3;1785915184.4412737;2026-08-05T07:33:04.441+00:00;master;traffic;stream_rate;5.0560718680972006;Mbit/s;"{""profile"":""stream-hd#1"",""target_mbps"":5.0}"
1462;3;1785915189.4759197;2026-08-05T07:33:09.475+00:00;master;traffic;stream_rate;4.998563047075882;Mbit/s;"{""profile"":""stream-hd#1"",""target_mbps"":5.0}"
1463;3;1785915192.661689;2026-08-05T07:33:12.661+00:00;master;uptime;router_uptime;1727843.0;s;
1464;3;1785915192.6616955;2026-08-05T07:33:12.661+00:00;master;uptime;wan_uptime;1727794.0;s;
1465;3;1785915192.6617;2026-08-05T07:33:12.661+00:00;master;uptime;sync_down;4294967.0;kbit/s;
1466;3;1785915192.6617048;2026-08-05T07:33:12.661+00:00;master;uptime;sync_up;4294967.0;kbit/s;
1467;3;1785915192.6617084;2026-08-05T07:33:12.661+00:00;master;uptime;hosts;5.0;;
1468;3;1785915192.6617138;2026-08-05T07:33:12.661+00:00;master;uptime;availability;100.0;%;
1469;3;1785915192.661717;2026-08-05T07:33:12.661+00:00;master;uptime;reboots_unplanned;0.0;;
1470;3;1785915192.66172;2026-08-05T07:33:12.661+00:00;master;uptime;wan_reconnects;0.0;;
1471;3;1785915192.6617281;2026-08-05T07:33:12.661+00:00;master;uptime;throughput_up;0.20613508549278609;Mbit/s;
1472;3;1785915192.6617312;2026-08-05T07:33:12.661+00:00;master;uptime;throughput_down;10.410715628924251;Mbit/s;
1473;3;1785915192.8762712;2026-08-05T07:33:12.876+00:00;master;wlan;clients;0.0;;"{""band"":""2.4GHz"",""ssid"":""TestWLAN-2G""}"
1474;3;1785915192.8762832;2026-08-05T07:33:12.876+00:00;master;wlan;clients;2.0;;"{""band"":""5GHz"",""ssid"":""TestWLAN-5G""}"
1475;3;1785915192.8762887;2026-08-05T07:33:12.876+00:00;master;wlan;clients;0.0;;"{""band"":""6GHz"",""ssid"":""FRITZ! Gastzugang""}"
1476;3;1785915192.8763137;2026-08-05T07:33:12.876+00:00;master;wlan;client_rssi;70.0;dBm;"{""mac"":""AA:BB:CC:00:00:01"",""band"":""5GHz""}"
1477;3;1785915192.8763204;2026-08-05T07:33:12.876+00:00;master;wlan;client_link_speed;1921.0;Mbit/s;"{""mac"":""AA:BB:CC:00:00:01"",""band"":""5GHz""}"
1478;3;1785915192.8763254;2026-08-05T07:33:12.876+00:00;master;wlan;client_rssi;70.0;dBm;"{""mac"":""AA:BB:CC:00:00:02"",""band"":""5GHz""}"
1479;3;1785915192.8763294;2026-08-05T07:33:12.876+00:00;master;wlan;client_link_speed;864.0;Mbit/s;"{""mac"":""AA:BB:CC:00:00:02"",""band"":""5GHz""}"
1480;3;1785915193.4468508;2026-08-05T07:33:13.446+00:00;master;wlan;local_rssi;-60.0;dBm;"{""band"":""5GHz"",""ssid"":""TestWLAN-5G"",""approximated"":true}"
1481;3;1785915193.446865;2026-08-05T07:33:13.446+00:00;master;wlan;local_rx_rate;1922.0;Mbit/s;"{""band"":""5GHz""}"
1482;3;1785915194.509138;2026-08-05T07:33:14.509+00:00;master;traffic;stream_rate;4.9999736747538295;Mbit/s;"{""profile"":""stream-hd#1"",""target_mbps"":5.0}"
1483;3;1785915194.8356218;2026-08-05T07:33:14.835+00:00;master;ping;dns_resolve;5.162200000086159;ms;"{""hostname"":""www.google.com""}"
1484;3;1785915194.8406672;2026-08-05T07:33:14.840+00:00;master;ping;dns_resolve;5.018400000153633;ms;"{""hostname"":""www.sbb.ch""}"
1485;3;1785915195.3687227;2026-08-05T07:33:15.368+00:00;master;traffic;web_ttfb;88.26589999989665;ms;"{""profile"":""surfen#2"",""url"":""https://www.ethz.ch/"",""status"":200}"
1486;3;1785915195.368741;2026-08-05T07:33:15.368+00:00;master;traffic;web_total;92.2193000005791;ms;"{""size_bytes"":67278,""profile"":""surfen#2"",""url"":""https://www.ethz.ch/"",""status"":200}"
1487;3;1785915195.3739998;2026-08-05T07:33:15.374+00:00;master;traffic;web_ttfb;96.58020000006218;ms;"{""profile"":""surfen#1"",""url"":""https://www.ethz.ch/"",""status"":200}"
1488;3;1785915195.3740156;2026-08-05T07:33:15.374+00:00;master;traffic;web_total;99.29639999973006;ms;"{""size_bytes"":67278,""profile"":""surfen#1"",""url"":""https://www.ethz.ch/"",""status"":200}"
1489;3;1785915195.493354;2026-08-05T07:33:15.493+00:00;master;traffic;web_ttfb;115.16650000066875;ms;"{""profile"":""surfen#2"",""url"":""https://www.admin.ch/"",""status"":200}"
1490;3;1785915195.4933717;2026-08-05T07:33:15.493+00:00;master;traffic;web_total;124.5920000001206;ms;"{""size_bytes"":258992,""profile"":""surfen#2"",""url"":""https://www.admin.ch/"",""status"":200}"
1491;3;1785915195.495554;2026-08-05T07:33:15.495+00:00;master;traffic;web_ttfb;112.00900000039837;ms;"{""profile"":""surfen#1"",""url"":""https://www.admin.ch/"",""status"":200}"
1492;3;1785915195.495571;2026-08-05T07:33:15.495+00:00;master;traffic;web_total;121.51670000002923;ms;"{""size_bytes"":258992,""profile"":""surfen#1"",""url"":""https://www.admin.ch/"",""status"":200}"
1493;3;1785915195.524585;2026-08-05T07:33:15.524+00:00;master;traffic;web_ttfb;29.238800000712217;ms;"{""profile"":""surfen#2"",""url"":""https://www.ch.ch/de"",""status"":200}"
1494;3;1785915195.5246017;2026-08-05T07:33:15.524+00:00;master;traffic;web_total;31.190000000606233;ms;"{""size_bytes"":43250,""profile"":""surfen#2"",""url"":""https://www.ch.ch/de"",""status"":200}"
1495;3;1785915195.5303912;2026-08-05T07:33:15.530+00:00;master;traffic;web_ttfb;32.257900000331574;ms;"{""profile"":""surfen#1"",""url"":""https://www.ch.ch/de"",""status"":200}"
1496;3;1785915195.5304105;2026-08-05T07:33:15.530+00:00;master;traffic;web_total;34.77090000069438;ms;"{""size_bytes"":43250,""profile"":""surfen#1"",""url"":""https://www.ch.ch/de"",""status"":200}"
1497;3;1785915199.541913;2026-08-05T07:33:19.541+00:00;master;traffic;stream_rate;5.000422930725664;Mbit/s;"{""profile"":""stream-hd#1"",""target_mbps"":5.0}"
1498;3;1785915202.7055655;2026-08-05T07:33:22.705+00:00;master;uptime;router_uptime;1727853.0;s;
1499;3;1785915202.7055786;2026-08-05T07:33:22.705+00:00;master;uptime;wan_uptime;1727804.0;s;
1500;3;1785915202.7055845;2026-08-05T07:33:22.705+00:00;master;uptime;sync_down;4294967.0;kbit/s;
1501;3;1785915202.7055988;2026-08-05T07:33:22.705+00:00;master;uptime;sync_up;4294967.0;kbit/s;
1502;3;1785915202.705604;2026-08-05T07:33:22.705+00:00;master;uptime;hosts;5.0;;
1503;3;1785915202.7056117;2026-08-05T07:33:22.705+00:00;master;uptime;availability;100.0;%;
1504;3;1785915202.7056165;2026-08-05T07:33:22.705+00:00;master;uptime;reboots_unplanned;0.0;;
1505;3;1785915202.7056282;2026-08-05T07:33:22.705+00:00;master;uptime;wan_reconnects;0.0;;
1506;3;1785915202.7056413;2026-08-05T07:33:22.705+00:00;master;uptime;throughput_up;0.20787120635222803;Mbit/s;
1507;3;1785915202.7056458;2026-08-05T07:33:22.705+00:00;master;uptime;throughput_down;11.381237678169596;Mbit/s;
1508;3;1785915204.5754445;2026-08-05T07:33:24.575+00:00;master;traffic;stream_rate;4.999672891242588;Mbit/s;"{""profile"":""stream-hd#1"",""target_mbps"":5.0}"
1509;3;1785915209.607606;2026-08-05T07:33:29.607+00:00;master;traffic;stream_rate;5.0011435779216615;Mbit/s;"{""profile"":""stream-hd#1"",""target_mbps"":5.0}"
1510;3;1785915210.647083;2026-08-05T07:33:30.647+00:00;master;traffic;web_ttfb;113.12900000029913;ms;"{""profile"":""surfen#1"",""url"":""https://www.ethz.ch/"",""status"":200}"
1511;3;1785915210.6470997;2026-08-05T07:33:30.647+00:00;master;traffic;web_total;115.62899999989895;ms;"{""size_bytes"":67278,""profile"":""surfen#1"",""url"":""https://www.ethz.ch/"",""status"":200}"
1512;3;1785915210.6534302;2026-08-05T07:33:30.653+00:00;master;traffic;web_ttfb;124.05589999980293;ms;"{""profile"":""surfen#2"",""url"":""https://www.ethz.ch/"",""status"":200}"
1513;3;1785915210.6534474;2026-08-05T07:33:30.653+00:00;master;traffic;web_total;126.67329999931098;ms;"{""size_bytes"":67278,""profile"":""surfen#2"",""url"":""https://www.ethz.ch/"",""status"":200}"
1514;3;1785915210.7692966;2026-08-05T07:33:30.769+00:00;master;traffic;web_ttfb;110.8700000004319;ms;"{""profile"":""surfen#1"",""url"":""https://www.admin.ch/"",""status"":200}"
1515;3;1785915210.7693183;2026-08-05T07:33:30.769+00:00;master;traffic;web_total;122.16730000000098;ms;"{""size_bytes"":259580,""profile"":""surfen#1"",""url"":""https://www.admin.ch/"",""status"":200}"
1516;3;1785915210.7801867;2026-08-05T07:33:30.780+00:00;master;traffic;web_ttfb;121.76480000016454;ms;"{""profile"":""surfen#2"",""url"":""https://www.admin.ch/"",""status"":200}"
1517;3;1785915210.7802036;2026-08-05T07:33:30.780+00:00;master;traffic;web_total;126.71540000064851;ms;"{""size_bytes"":259580,""profile"":""surfen#2"",""url"":""https://www.admin.ch/"",""status"":200}"
1518;3;1785915210.8191278;2026-08-05T07:33:30.819+00:00;master;traffic;web_ttfb;41.901700000380515;ms;"{""profile"":""surfen#1"",""url"":""https://www.ch.ch/de"",""status"":200}"
1519;3;1785915210.8191447;2026-08-05T07:33:30.819+00:00;master;traffic;web_total;49.78620000019873;ms;"{""size_bytes"":43250,""profile"":""surfen#1"",""url"":""https://www.ch.ch/de"",""status"":200}"
1520;3;1785915210.8226657;2026-08-05T07:33:30.822+00:00;master;traffic;web_ttfb;39.80099999989761;ms;"{""profile"":""surfen#2"",""url"":""https://www.ch.ch/de"",""status"":200}"
1521;3;1785915210.8226824;2026-08-05T07:33:30.822+00:00;master;traffic;web_total;42.43950000000041;ms;"{""size_bytes"":43250,""profile"":""surfen#2"",""url"":""https://www.ch.ch/de"",""status"":200}"
1522;3;1785915212.707221;2026-08-05T07:33:32.707+00:00;master;uptime;router_uptime;1727863.0;s;
1523;3;1785915212.7072353;2026-08-05T07:33:32.707+00:00;master;uptime;wan_uptime;1727814.0;s;
1524;3;1785915212.7072444;2026-08-05T07:33:32.707+00:00;master;uptime;sync_down;4294967.0;kbit/s;
1525;3;1785915212.7072527;2026-08-05T07:33:32.707+00:00;master;uptime;sync_up;4294967.0;kbit/s;
1526;3;1785915212.7072606;2026-08-05T07:33:32.707+00:00;master;uptime;hosts;5.0;;
1527;3;1785915212.7072735;2026-08-05T07:33:32.707+00:00;master;uptime;availability;100.0;%;
1528;3;1785915212.7072809;2026-08-05T07:33:32.707+00:00;master;uptime;reboots_unplanned;0.0;;
1529;3;1785915212.707287;2026-08-05T07:33:32.707+00:00;master;uptime;wan_reconnects;0.0;;
1530;3;1785915212.707304;2026-08-05T07:33:32.707+00:00;master;uptime;throughput_up;0.29415602304826294;Mbit/s;
1531;3;1785915212.7073128;2026-08-05T07:33:32.707+00:00;master;uptime;throughput_down;16.13463895416888;Mbit/s;
1532;3;1785915214.6399195;2026-08-05T07:33:34.639+00:00;master;traffic;stream_rate;5.000892341417401;Mbit/s;"{""profile"":""stream-hd#1"",""target_mbps"":5.0}"
1533;3;1785915219.6763904;2026-08-05T07:33:39.676+00:00;master;traffic;stream_rate;4.996756334707928;Mbit/s;"{""profile"":""stream-hd#1"",""target_mbps"":5.0}"
1534;3;1785915222.7160213;2026-08-05T07:33:42.716+00:00;master;uptime;router_uptime;1727873.0;s;
1535;3;1785915222.7160335;2026-08-05T07:33:42.716+00:00;master;uptime;wan_uptime;1727824.0;s;
1536;3;1785915222.7160394;2026-08-05T07:33:42.716+00:00;master;uptime;sync_down;4294967.0;kbit/s;
1537;3;1785915222.716044;2026-08-05T07:33:42.716+00:00;master;uptime;sync_up;4294967.0;kbit/s;
1538;3;1785915222.7160487;2026-08-05T07:33:42.716+00:00;master;uptime;hosts;5.0;;
1539;3;1785915222.7160556;2026-08-05T07:33:42.716+00:00;master;uptime;availability;100.0;%;
1540;3;1785915222.7160594;2026-08-05T07:33:42.716+00:00;master;uptime;reboots_unplanned;0.0;;
1541;3;1785915222.7160633;2026-08-05T07:33:42.716+00:00;master;uptime;wan_reconnects;0.0;;
1542;3;1785915222.716072;2026-08-05T07:33:42.716+00:00;master;uptime;throughput_up;0.3663169898099798;Mbit/s;
1543;3;1785915222.7160764;2026-08-05T07:33:42.716+00:00;master;uptime;throughput_down;13.589993603712498;Mbit/s;
1544;3;1785915222.8149688;2026-08-05T07:33:42.814+00:00;master;ping;rtt_avg;3.9417541633218023;ms;"{""target"":""fritzbox"",""scope"":""gateway"",""host"":""192.168.178.1""}"
1545;3;1785915222.8149872;2026-08-05T07:33:42.814+00:00;master;ping;rtt_min;2.182483673095703;ms;"{""target"":""fritzbox"",""scope"":""gateway"",""host"":""192.168.178.1""}"
1546;3;1785915222.8149958;2026-08-05T07:33:42.814+00:00;master;ping;rtt_max;23.997068405151367;ms;"{""target"":""fritzbox"",""scope"":""gateway"",""host"":""192.168.178.1""}"
1547;3;1785915222.8150027;2026-08-05T07:33:42.815+00:00;master;ping;rtt_p95;6.014823913574219;ms;"{""target"":""fritzbox"",""scope"":""gateway"",""host"":""192.168.178.1""}"
1548;3;1785915222.8150084;2026-08-05T07:33:42.815+00:00;master;ping;jitter;1.4956161893647293;ms;"{""target"":""fritzbox"",""scope"":""gateway"",""host"":""192.168.178.1""}"
1549;3;1785915222.815022;2026-08-05T07:33:42.815+00:00;master;ping;loss_pct;1.6666666666666667;%;"{""sent"":60,""lost"":1,""target"":""fritzbox"",""scope"":""gateway"",""host"":""192.168.178.1""}"
1550;3;1785915222.81536;2026-08-05T07:33:42.815+00:00;master;ping;rtt_avg;4.929312204910537;ms;"{""target"":""1"",""scope"":""internet"",""host"":""1.1.1.1""}"
1551;3;1785915222.8153706;2026-08-05T07:33:42.815+00:00;master;ping;rtt_min;3.4508705139160156;ms;"{""target"":""1"",""scope"":""internet"",""host"":""1.1.1.1""}"
1552;3;1785915222.8153775;2026-08-05T07:33:42.815+00:00;master;ping;rtt_max;24.792909622192383;ms;"{""target"":""1"",""scope"":""internet"",""host"":""1.1.1.1""}"
1553;3;1785915222.8153832;2026-08-05T07:33:42.815+00:00;master;ping;rtt_p95;7.311582565307617;ms;"{""target"":""1"",""scope"":""internet"",""host"":""1.1.1.1""}"
1554;3;1785915222.8153894;2026-08-05T07:33:42.815+00:00;master;ping;jitter;1.7626491086236362;ms;"{""target"":""1"",""scope"":""internet"",""host"":""1.1.1.1""}"
1555;3;1785915222.8153992;2026-08-05T07:33:42.815+00:00;master;ping;loss_pct;1.6666666666666667;%;"{""sent"":60,""lost"":1,""target"":""1"",""scope"":""internet"",""host"":""1.1.1.1""}"
1556;3;1785915222.8186066;2026-08-05T07:33:42.818+00:00;master;ping;rtt_avg;5.613807904518257;ms;"{""target"":""8"",""scope"":""internet"",""host"":""8.8.8.8""}"
1557;3;1785915222.8186204;2026-08-05T07:33:42.818+00:00;master;ping;rtt_min;4.003763198852539;ms;"{""target"":""8"",""scope"":""internet"",""host"":""8.8.8.8""}"
1558;3;1785915222.8186276;2026-08-05T07:33:42.818+00:00;master;ping;rtt_max;25.224924087524414;ms;"{""target"":""8"",""scope"":""internet"",""host"":""8.8.8.8""}"
1559;3;1785915222.818634;2026-08-05T07:33:42.818+00:00;master;ping;rtt_p95;7.384777069091797;ms;"{""target"":""8"",""scope"":""internet"",""host"":""8.8.8.8""}"
1560;3;1785915222.818639;2026-08-05T07:33:42.818+00:00;master;ping;jitter;1.71623969900197;ms;"{""target"":""8"",""scope"":""internet"",""host"":""8.8.8.8""}"
1561;3;1785915222.8186479;2026-08-05T07:33:42.818+00:00;master;ping;loss_pct;1.6666666666666667;%;"{""sent"":60,""lost"":1,""target"":""8"",""scope"":""internet"",""host"":""8.8.8.8""}"
1562;3;1785915222.9659038;2026-08-05T07:33:42.965+00:00;master;wlan;clients;0.0;;"{""band"":""2.4GHz"",""ssid"":""TestWLAN-2G""}"
1563;3;1785915222.9659166;2026-08-05T07:33:42.965+00:00;master;wlan;clients;2.0;;"{""band"":""5GHz"",""ssid"":""TestWLAN-5G""}"
1564;3;1785915222.9659233;2026-08-05T07:33:42.965+00:00;master;wlan;clients;0.0;;"{""band"":""6GHz"",""ssid"":""FRITZ! Gastzugang""}"
1565;3;1785915222.9659402;2026-08-05T07:33:42.965+00:00;master;wlan;client_rssi;70.0;dBm;"{""mac"":""AA:BB:CC:00:00:01"",""band"":""5GHz""}"
1566;3;1785915222.9659462;2026-08-05T07:33:42.965+00:00;master;wlan;client_link_speed;1921.0;Mbit/s;"{""mac"":""AA:BB:CC:00:00:01"",""band"":""5GHz""}"
1567;3;1785915222.9659517;2026-08-05T07:33:42.965+00:00;master;wlan;client_rssi;70.0;dBm;"{""mac"":""AA:BB:CC:00:00:02"",""band"":""5GHz""}"
1568;3;1785915222.9659562;2026-08-05T07:33:42.965+00:00;master;wlan;client_link_speed;864.0;Mbit/s;"{""mac"":""AA:BB:CC:00:00:02"",""band"":""5GHz""}"
1569;3;1785915223.7072744;2026-08-05T07:33:43.707+00:00;master;wlan;local_rssi;-56.0;dBm;"{""band"":""5GHz"",""ssid"":""TestWLAN-5G"",""approximated"":true}"
1570;3;1785915223.7072957;2026-08-05T07:33:43.707+00:00;master;wlan;local_rx_rate;1922.0;Mbit/s;"{""band"":""5GHz""}"
1571;3;1785915224.8108912;2026-08-05T07:33:44.810+00:00;master;traffic;bytes_total;1476606.0;bytes;"{""profile"":""surfen#1"",""requests_ok"":12,""requests_failed"":0}"
1572;3;1785915224.8109155;2026-08-05T07:33:44.810+00:00;master;traffic;bytes_total;1476606.0;bytes;"{""profile"":""surfen#2"",""requests_ok"":12,""requests_failed"":0}"
1573;3;1785915224.8109236;2026-08-05T07:33:44.810+00:00;master;traffic;bytes_total;36438016.0;bytes;"{""profile"":""stream-hd#1"",""requests_ok"":0,""requests_failed"":0}"
1574;3;1785915224.81093;2026-08-05T07:33:44.810+00:00;master;traffic;bytes_total;44171264.0;bytes;"{""profile"":""dauerdownload#1"",""requests_ok"":0,""requests_failed"":0}"
1575;3;1785915224.8771763;2026-08-05T07:33:44.877+00:00;master;ping;dns_resolve;22.004599999490893;ms;"{""hostname"":""www.google.com""}"
1576;3;1785915224.8855429;2026-08-05T07:33:44.885+00:00;master;ping;dns_resolve;8.342999999513268;ms;"{""hostname"":""www.sbb.ch""}"
1577;3;1785915232.736173;2026-08-05T07:33:52.736+00:00;master;uptime;router_uptime;1727883.0;s;
1578;3;1785915232.7361825;2026-08-05T07:33:52.736+00:00;master;uptime;wan_uptime;1727834.0;s;
1579;3;1785915232.7361896;2026-08-05T07:33:52.736+00:00;master;uptime;sync_down;4294967.0;kbit/s;
1580;3;1785915232.7361956;2026-08-05T07:33:52.736+00:00;master;uptime;sync_up;4294967.0;kbit/s;
1581;3;1785915232.7362018;2026-08-05T07:33:52.736+00:00;master;uptime;hosts;5.0;;
1582;3;1785915232.7362103;2026-08-05T07:33:52.736+00:00;master;uptime;availability;100.0;%;
1583;3;1785915232.7362156;2026-08-05T07:33:52.736+00:00;master;uptime;reboots_unplanned;0.0;;
1584;3;1785915232.7362204;2026-08-05T07:33:52.736+00:00;master;uptime;wan_reconnects;0.0;;
1585;3;1785915232.7362316;2026-08-05T07:33:52.736+00:00;master;uptime;throughput_up;0.12214977414975349;Mbit/s;
1586;3;1785915232.736237;2026-08-05T07:33:52.736+00:00;master;uptime;throughput_down;7.859338181872569;Mbit/s;
1587;3;1785915238.96215;2026-08-05T07:33:58.962+00:00;master;speedtest;down;25.0440664135421;Mbit/s;
1588;3;1785915238.9621592;2026-08-05T07:33:58.962+00:00;master;speedtest;latency_idle;4.9869537353515625;ms;
1589;3;1785915238.9621632;2026-08-05T07:33:58.962+00:00;master;speedtest;latency_loaded;6.57048225402832;ms;
1590;3;1785915238.9621718;2026-08-05T07:33:58.962+00:00;master;speedtest;bufferbloat;1.5835285186767578;ms;
1591;3;1785915239.0557947;2026-08-05T07:33:59.055+00:00;master;traffic;web_ttfb;88.68190000066534;ms;"{""profile"":""surfen#2"",""url"":""https://www.ethz.ch/"",""status"":200}"
1592;3;1785915239.0558126;2026-08-05T07:33:59.055+00:00;master;traffic;web_total;91.3168000006408;ms;"{""size_bytes"":67278,""profile"":""surfen#2"",""url"":""https://www.ethz.ch/"",""status"":200}"
1593;3;1785915239.0603142;2026-08-05T07:33:59.060+00:00;master;traffic;web_ttfb;95.25639999992563;ms;"{""profile"":""surfen#1"",""url"":""https://www.ethz.ch/"",""status"":200}"
1594;3;1785915239.0603302;2026-08-05T07:33:59.060+00:00;master;traffic;web_total;97.29400000014721;ms;"{""size_bytes"":67278,""profile"":""surfen#1"",""url"":""https://www.ethz.ch/"",""status"":200}"
1595;3;1785915239.147655;2026-08-05T07:33:59.147+00:00;master;traffic;web_ttfb;84.92970000042988;ms;"{""profile"":""surfen#2"",""url"":""https://www.admin.ch/"",""status"":200}"
1596;3;1785915239.1476717;2026-08-05T07:33:59.147+00:00;master;traffic;web_total;91.82130000044708;ms;"{""size_bytes"":256422,""profile"":""surfen#2"",""url"":""https://www.admin.ch/"",""status"":200}"
1597;3;1785915239.1532469;2026-08-05T07:33:59.153+00:00;master;traffic;web_ttfb;86.1334999999599;ms;"{""profile"":""surfen#1"",""url"":""https://www.admin.ch/"",""status"":200}"
1598;3;1785915239.153262;2026-08-05T07:33:59.153+00:00;master;traffic;web_total;92.89799999987736;ms;"{""size_bytes"":256422,""profile"":""surfen#1"",""url"":""https://www.admin.ch/"",""status"":200}"
1599;3;1785915239.1809866;2026-08-05T07:33:59.180+00:00;master;traffic;web_ttfb;31.02409999974043;ms;"{""profile"":""surfen#2"",""url"":""https://www.ch.ch/de"",""status"":200}"
1600;3;1785915239.1810024;2026-08-05T07:33:59.181+00:00;master;traffic;web_total;33.29440000015893;ms;"{""size_bytes"":43250,""profile"":""surfen#2"",""url"":""https://www.ch.ch/de"",""status"":200}"
1601;3;1785915239.1841176;2026-08-05T07:33:59.184+00:00;master;traffic;web_ttfb;28.679800000645628;ms;"{""profile"":""surfen#1"",""url"":""https://www.ch.ch/de"",""status"":200}"
1602;3;1785915239.1841333;2026-08-05T07:33:59.184+00:00;master;traffic;web_total;30.83599999990838;ms;"{""size_bytes"":43250,""profile"":""surfen#1"",""url"":""https://www.ch.ch/de"",""status"":200}"
1603;3;1785915242.6959145;2026-08-05T07:34:02.695+00:00;master;uptime;router_uptime;1727893.0;s;
1604;3;1785915242.695923;2026-08-05T07:34:02.695+00:00;master;uptime;wan_uptime;1727844.0;s;
1605;3;1785915242.6959298;2026-08-05T07:34:02.695+00:00;master;uptime;sync_down;4294967.0;kbit/s;
1606;3;1785915242.6959355;2026-08-05T07:34:02.695+00:00;master;uptime;sync_up;4294967.0;kbit/s;
1607;3;1785915242.695941;2026-08-05T07:34:02.695+00:00;master;uptime;hosts;5.0;;
1608;3;1785915242.6959496;2026-08-05T07:34:02.695+00:00;master;uptime;availability;100.0;%;
1609;3;1785915242.6959553;2026-08-05T07:34:02.695+00:00;master;uptime;reboots_unplanned;0.0;;
1610;3;1785915242.6959596;2026-08-05T07:34:02.695+00:00;master;uptime;wan_reconnects;0.0;;
1611;3;1785915242.6959708;2026-08-05T07:34:02.695+00:00;master;uptime;throughput_up;0.5552418592495302;Mbit/s;
1612;3;1785915242.6959758;2026-08-05T07:34:02.695+00:00;master;uptime;throughput_down;26.0267992966485;Mbit/s;
1613;3;1785915244.0546205;2026-08-05T07:34:04.054+00:00;master;traffic;stream_rate;5.971748244007832;Mbit/s;"{""profile"":""stream-hd#1"",""target_mbps"":5.0}"
1614;3;1785915249.0819888;2026-08-05T07:34:09.081+00:00;master;traffic;stream_rate;5.005798101777814;Mbit/s;"{""profile"":""stream-hd#1"",""target_mbps"":5.0}"
1615;3;1785915252.7575817;2026-08-05T07:34:12.757+00:00;master;uptime;router_uptime;1727903.0;s;
1616;3;1785915252.75759;2026-08-05T07:34:12.757+00:00;master;uptime;wan_uptime;1727854.0;s;
1617;3;1785915252.7575963;2026-08-05T07:34:12.757+00:00;master;uptime;sync_down;4294967.0;kbit/s;
1618;3;1785915252.7576013;2026-08-05T07:34:12.757+00:00;master;uptime;sync_up;4294967.0;kbit/s;
1619;3;1785915252.7576065;2026-08-05T07:34:12.757+00:00;master;uptime;hosts;5.0;;
1620;3;1785915252.757614;2026-08-05T07:34:12.757+00:00;master;uptime;availability;100.0;%;
1621;3;1785915252.757618;2026-08-05T07:34:12.757+00:00;master;uptime;reboots_unplanned;0.0;;
1622;3;1785915252.757622;2026-08-05T07:34:12.757+00:00;master;uptime;wan_reconnects;0.0;;
1623;3;1785915252.7576315;2026-08-05T07:34:12.757+00:00;master;uptime;throughput_up;0.19353541611112038;Mbit/s;
1624;3;1785915252.757636;2026-08-05T07:34:12.757+00:00;master;uptime;throughput_down;10.877110037772196;Mbit/s;
1625;3;1785915252.9139261;2026-08-05T07:34:12.913+00:00;master;wlan;clients;0.0;;"{""band"":""2.4GHz"",""ssid"":""TestWLAN-2G""}"
1626;3;1785915252.9139392;2026-08-05T07:34:12.913+00:00;master;wlan;clients;2.0;;"{""band"":""5GHz"",""ssid"":""TestWLAN-5G""}"
1627;3;1785915252.9139466;2026-08-05T07:34:12.913+00:00;master;wlan;clients;0.0;;"{""band"":""6GHz"",""ssid"":""FRITZ! Gastzugang""}"
1628;3;1785915252.9139626;2026-08-05T07:34:12.913+00:00;master;wlan;client_rssi;70.0;dBm;"{""mac"":""AA:BB:CC:00:00:01"",""band"":""5GHz""}"
1629;3;1785915252.9139686;2026-08-05T07:34:12.913+00:00;master;wlan;client_link_speed;1441.0;Mbit/s;"{""mac"":""AA:BB:CC:00:00:01"",""band"":""5GHz""}"
1630;3;1785915252.913974;2026-08-05T07:34:12.913+00:00;master;wlan;client_rssi;70.0;dBm;"{""mac"":""AA:BB:CC:00:00:02"",""band"":""5GHz""}"
1631;3;1785915252.9139786;2026-08-05T07:34:12.913+00:00;master;wlan;client_link_speed;864.0;Mbit/s;"{""mac"":""AA:BB:CC:00:00:02"",""band"":""5GHz""}"
1632;3;1785915253.6021652;2026-08-05T07:34:13.602+00:00;master;wlan;local_rssi;-54.0;dBm;"{""band"":""5GHz"",""ssid"":""TestWLAN-5G"",""approximated"":true}"
1633;3;1785915253.6021798;2026-08-05T07:34:13.602+00:00;master;wlan;local_rx_rate;2162.0;Mbit/s;"{""band"":""5GHz""}"
1634;3;1785915254.1109686;2026-08-05T07:34:14.110+00:00;master;traffic;stream_rate;5.004208547743194;Mbit/s;"{""profile"":""stream-hd#1"",""target_mbps"":5.0}"
1635;3;1785915254.296435;2026-08-05T07:34:14.296+00:00;master;traffic;web_ttfb;105.70650000045134;ms;"{""profile"":""surfen#2"",""url"":""https://www.ethz.ch/"",""status"":200}"
1636;3;1785915254.2964532;2026-08-05T07:34:14.296+00:00;master;traffic;web_total;110.5331999997361;ms;"{""size_bytes"":67278,""profile"":""surfen#2"",""url"":""https://www.ethz.ch/"",""status"":200}"
1637;3;1785915254.2987466;2026-08-05T07:34:14.298+00:00;master;traffic;web_ttfb;102.66409999985626;ms;"{""profile"":""surfen#1"",""url"":""https://www.ethz.ch/"",""status"":200}"
1638;3;1785915254.2987611;2026-08-05T07:34:14.298+00:00;master;traffic;web_total;108.96320000028936;ms;"{""size_bytes"":67278,""profile"":""surfen#1"",""url"":""https://www.ethz.ch/"",""status"":200}"
1639;3;1785915254.377975;2026-08-05T07:34:14.377+00:00;master;traffic;web_ttfb;72.7110999996512;ms;"{""profile"":""surfen#1"",""url"":""https://www.admin.ch/"",""status"":200}"
1640;3;1785915254.3779955;2026-08-05T07:34:14.377+00:00;master;traffic;web_total;79.18500000050699;ms;"{""size_bytes"":256416,""profile"":""surfen#1"",""url"":""https://www.admin.ch/"",""status"":200}"
1641;3;1785915254.3921266;2026-08-05T07:34:14.392+00:00;master;traffic;web_ttfb;87.83690000018396;ms;"{""profile"":""surfen#2"",""url"":""https://www.admin.ch/"",""status"":200}"
1642;3;1785915254.3921463;2026-08-05T07:34:14.392+00:00;master;traffic;web_total;95.64550000050076;ms;"{""size_bytes"":256416,""profile"":""surfen#2"",""url"":""https://www.admin.ch/"",""status"":200}"
1643;3;1785915254.4189794;2026-08-05T07:34:14.418+00:00;master;traffic;web_ttfb;37.37050000017916;ms;"{""profile"":""surfen#1"",""url"":""https://www.ch.ch/de"",""status"":200}"
1644;3;1785915254.4189992;2026-08-05T07:34:14.418+00:00;master;traffic;web_total;40.955700000267825;ms;"{""size_bytes"":43250,""profile"":""surfen#1"",""url"":""https://www.ch.ch/de"",""status"":200}"
1645;3;1785915254.42912;2026-08-05T07:34:14.429+00:00;master;traffic;web_ttfb;33.63749999971333;ms;"{""profile"":""surfen#2"",""url"":""https://www.ch.ch/de"",""status"":200}"
1646;3;1785915254.429137;2026-08-05T07:34:14.429+00:00;master;traffic;web_total;36.94919999998092;ms;"{""size_bytes"":43250,""profile"":""surfen#2"",""url"":""https://www.ch.ch/de"",""status"":200}"
1647;3;1785915254.8949397;2026-08-05T07:34:14.894+00:00;master;ping;dns_resolve;1.9489000005705748;ms;"{""hostname"":""www.google.com""}"
1648;3;1785915254.9031558;2026-08-05T07:34:14.903+00:00;master;ping;dns_resolve;8.190600000489212;ms;"{""hostname"":""www.sbb.ch""}"
1649;3;1785915259.156206;2026-08-05T07:34:19.156+00:00;master;traffic;stream_rate;4.988078852155164;Mbit/s;"{""profile"":""stream-hd#1"",""target_mbps"":5.0}"
1650;3;1785915262.7322748;2026-08-05T07:34:22.732+00:00;master;uptime;router_uptime;1727913.0;s;
1651;3;1785915262.732282;2026-08-05T07:34:22.732+00:00;master;uptime;wan_uptime;1727864.0;s;
1652;3;1785915262.7322862;2026-08-05T07:34:22.732+00:00;master;uptime;sync_down;4294967.0;kbit/s;
1653;3;1785915262.73229;2026-08-05T07:34:22.732+00:00;master;uptime;sync_up;4294967.0;kbit/s;
1654;3;1785915262.7322938;2026-08-05T07:34:22.732+00:00;master;uptime;hosts;5.0;;
1655;3;1785915262.7323008;2026-08-05T07:34:22.732+00:00;master;uptime;availability;100.0;%;
1656;3;1785915262.7323043;2026-08-05T07:34:22.732+00:00;master;uptime;reboots_unplanned;0.0;;
1657;3;1785915262.7323072;2026-08-05T07:34:22.732+00:00;master;uptime;wan_reconnects;0.0;;
1658;3;1785915262.732317;2026-08-05T07:34:22.732+00:00;master;uptime;throughput_up;0.1826551952799472;Mbit/s;
1659;3;1785915262.7323203;2026-08-05T07:34:22.732+00:00;master;uptime;throughput_down;9.203166800819213;Mbit/s;
1660;3;1785915264.1847754;2026-08-05T07:34:24.184+00:00;master;traffic;stream_rate;5.004607309586114;Mbit/s;"{""profile"":""stream-hd#1"",""target_mbps"":5.0}"
1661;3;1785915269.2132154;2026-08-05T07:34:29.213+00:00;master;traffic;stream_rate;5.004729926449756;Mbit/s;"{""profile"":""stream-hd#1"",""target_mbps"":5.0}"
1662;3;1785915269.5446374;2026-08-05T07:34:29.544+00:00;master;traffic;web_ttfb;107.60920000029728;ms;"{""profile"":""surfen#2"",""url"":""https://www.ethz.ch/"",""status"":200}"
1663;3;1785915269.5446613;2026-08-05T07:34:29.544+00:00;master;traffic;web_total;110.55239999950572;ms;"{""size_bytes"":67278,""profile"":""surfen#2"",""url"":""https://www.ethz.ch/"",""status"":200}"
1664;3;1785915269.5519006;2026-08-05T07:34:29.551+00:00;master;traffic;web_ttfb;120.25639999956184;ms;"{""profile"":""surfen#1"",""url"":""https://www.ethz.ch/"",""status"":200}"
1665;3;1785915269.551921;2026-08-05T07:34:29.551+00:00;master;traffic;web_total;123.58119999953487;ms;"{""size_bytes"":67278,""profile"":""surfen#1"",""url"":""https://www.ethz.ch/"",""status"":200}"
1666;3;1785915269.671226;2026-08-05T07:34:29.671+00:00;master;traffic;web_ttfb;112.6817000003939;ms;"{""profile"":""surfen#1"",""url"":""https://www.admin.ch/"",""status"":200}"
1667;3;1785915269.6712456;2026-08-05T07:34:29.671+00:00;master;traffic;web_total;119.27670000022772;ms;"{""size_bytes"":259488,""profile"":""surfen#1"",""url"":""https://www.admin.ch/"",""status"":200}"
1668;3;1785915269.7048984;2026-08-05T07:34:29.704+00:00;master;traffic;web_ttfb;29.007500000261643;ms;"{""profile"":""surfen#1"",""url"":""https://www.ch.ch/de"",""status"":200}"
1669;3;1785915269.704978;2026-08-05T07:34:29.704+00:00;master;traffic;web_total;31.551699999909033;ms;"{""size_bytes"":43250,""profile"":""surfen#1"",""url"":""https://www.ch.ch/de"",""status"":200}"
1670;3;1785915269.7543712;2026-08-05T07:34:29.754+00:00;master;traffic;web_ttfb;202.6243999998769;ms;"{""profile"":""surfen#2"",""url"":""https://www.admin.ch/"",""status"":200}"
1671;3;1785915269.7543945;2026-08-05T07:34:29.754+00:00;master;traffic;web_total;209.67359999940527;ms;"{""size_bytes"":259488,""profile"":""surfen#2"",""url"":""https://www.admin.ch/"",""status"":200}"
1672;3;1785915269.791129;2026-08-05T07:34:29.791+00:00;master;traffic;web_ttfb;30.811200000243844;ms;"{""profile"":""surfen#2"",""url"":""https://www.ch.ch/de"",""status"":200}"
1673;3;1785915269.7911482;2026-08-05T07:34:29.791+00:00;master;traffic;web_total;36.70680000050197;ms;"{""size_bytes"":43250,""profile"":""surfen#2"",""url"":""https://www.ch.ch/de"",""status"":200}"
1674;3;1785915272.682178;2026-08-05T07:34:32.682+00:00;master;uptime;router_uptime;1727923.0;s;
1675;3;1785915272.6821868;2026-08-05T07:34:32.682+00:00;master;uptime;wan_uptime;1727874.0;s;
1676;3;1785915272.6821926;2026-08-05T07:34:32.682+00:00;master;uptime;sync_down;4294967.0;kbit/s;
1677;3;1785915272.6821983;2026-08-05T07:34:32.682+00:00;master;uptime;sync_up;4294967.0;kbit/s;
1678;3;1785915272.6822033;2026-08-05T07:34:32.682+00:00;master;uptime;hosts;5.0;;
1679;3;1785915272.6822116;2026-08-05T07:34:32.682+00:00;master;uptime;availability;100.0;%;
1680;3;1785915272.682216;2026-08-05T07:34:32.682+00:00;master;uptime;reboots_unplanned;0.0;;
1681;3;1785915272.68222;2026-08-05T07:34:32.682+00:00;master;uptime;wan_reconnects;0.0;;
1682;3;1785915272.6822302;2026-08-05T07:34:32.682+00:00;master;uptime;throughput_up;0.2706443683283168;Mbit/s;
1683;3;1785915272.682236;2026-08-05T07:34:32.682+00:00;master;uptime;throughput_down;14.091404796461987;Mbit/s;
1684;3;1785915274.2563806;2026-08-05T07:34:34.256+00:00;master;traffic;stream_rate;4.990115077228854;Mbit/s;"{""profile"":""stream-hd#1"",""target_mbps"":5.0}"
1685;3;1785915279.2817109;2026-08-05T07:34:39.281+00:00;master;traffic;stream_rate;5.007957047881551;Mbit/s;"{""profile"":""stream-hd#1"",""target_mbps"":5.0}"
1686;3;1785915282.6729708;2026-08-05T07:34:42.672+00:00;master;uptime;router_uptime;1727933.0;s;
1687;3;1785915282.6729772;2026-08-05T07:34:42.672+00:00;master;uptime;wan_uptime;1727884.0;s;
1688;3;1785915282.6729815;2026-08-05T07:34:42.672+00:00;master;uptime;sync_down;4294967.0;kbit/s;
1689;3;1785915282.6729848;2026-08-05T07:34:42.672+00:00;master;uptime;sync_up;4294967.0;kbit/s;
1690;3;1785915282.6729884;2026-08-05T07:34:42.672+00:00;master;uptime;hosts;5.0;;
1691;3;1785915282.6729944;2026-08-05T07:34:42.672+00:00;master;uptime;availability;100.0;%;
1692;3;1785915282.6729975;2026-08-05T07:34:42.672+00:00;master;uptime;reboots_unplanned;0.0;;
1693;3;1785915282.673;2026-08-05T07:34:42.673+00:00;master;uptime;wan_reconnects;0.0;;
1694;3;1785915282.6730094;2026-08-05T07:34:42.673+00:00;master;uptime;throughput_up;0.25105708718724307;Mbit/s;
1695;3;1785915282.6730125;2026-08-05T07:34:42.673+00:00;master;uptime;throughput_down;11.577926627246748;Mbit/s;
1696;3;1785915282.8646731;2026-08-05T07:34:42.864+00:00;master;wlan;clients;0.0;;"{""band"":""2.4GHz"",""ssid"":""TestWLAN-2G""}"
1697;3;1785915282.864685;2026-08-05T07:34:42.864+00:00;master;wlan;clients;2.0;;"{""band"":""5GHz"",""ssid"":""TestWLAN-5G""}"
1698;3;1785915282.8646924;2026-08-05T07:34:42.864+00:00;master;wlan;clients;0.0;;"{""band"":""6GHz"",""ssid"":""FRITZ! Gastzugang""}"
1699;3;1785915282.864709;2026-08-05T07:34:42.864+00:00;master;wlan;client_rssi;70.0;dBm;"{""mac"":""AA:BB:CC:00:00:01"",""band"":""5GHz""}"
1700;3;1785915282.8647156;2026-08-05T07:34:42.864+00:00;master;wlan;client_link_speed;2161.0;Mbit/s;"{""mac"":""AA:BB:CC:00:00:01"",""band"":""5GHz""}"
1701;3;1785915282.8647213;2026-08-05T07:34:42.864+00:00;master;wlan;client_rssi;70.0;dBm;"{""mac"":""AA:BB:CC:00:00:02"",""band"":""5GHz""}"
1702;3;1785915282.864726;2026-08-05T07:34:42.864+00:00;master;wlan;client_link_speed;864.0;Mbit/s;"{""mac"":""AA:BB:CC:00:00:02"",""band"":""5GHz""}"
1703;3;1785915282.961715;2026-08-05T07:34:42.961+00:00;master;ping;rtt_avg;3.840335484208732;ms;"{""target"":""fritzbox"",""scope"":""gateway"",""host"":""192.168.178.1""}"
1704;3;1785915282.9617329;2026-08-05T07:34:42.961+00:00;master;ping;rtt_min;2.1941661834716797;ms;"{""target"":""fritzbox"",""scope"":""gateway"",""host"":""192.168.178.1""}"
1705;3;1785915282.9617403;2026-08-05T07:34:42.961+00:00;master;ping;rtt_max;8.497953414916992;ms;"{""target"":""fritzbox"",""scope"":""gateway"",""host"":""192.168.178.1""}"
1706;3;1785915282.9617462;2026-08-05T07:34:42.961+00:00;master;ping;rtt_p95;7.0648193359375;ms;"{""target"":""fritzbox"",""scope"":""gateway"",""host"":""192.168.178.1""}"
1707;3;1785915282.9617524;2026-08-05T07:34:42.961+00:00;master;ping;jitter;1.434275978489926;ms;"{""target"":""fritzbox"",""scope"":""gateway"",""host"":""192.168.178.1""}"
1708;3;1785915282.9617627;2026-08-05T07:34:42.961+00:00;master;ping;loss_pct;0.0;%;"{""sent"":58,""lost"":0,""target"":""fritzbox"",""scope"":""gateway"",""host"":""192.168.178.1""}"
1709;3;1785915282.9632025;2026-08-05T07:34:42.963+00:00;master;ping;rtt_avg;4.675071814964557;ms;"{""target"":""1"",""scope"":""internet"",""host"":""1.1.1.1""}"
1710;3;1785915282.9632165;2026-08-05T07:34:42.963+00:00;master;ping;rtt_min;3.4079551696777344;ms;"{""target"":""1"",""scope"":""internet"",""host"":""1.1.1.1""}"
1711;3;1785915282.9632242;2026-08-05T07:34:42.963+00:00;master;ping;rtt_max;8.905887603759766;ms;"{""target"":""1"",""scope"":""internet"",""host"":""1.1.1.1""}"
1712;3;1785915282.963231;2026-08-05T07:34:42.963+00:00;master;ping;rtt_p95;7.444143295288086;ms;"{""target"":""1"",""scope"":""internet"",""host"":""1.1.1.1""}"
1713;3;1785915282.9632373;2026-08-05T07:34:42.963+00:00;master;ping;jitter;1.1700161716394257;ms;"{""target"":""1"",""scope"":""internet"",""host"":""1.1.1.1""}"
1714;3;1785915282.9632473;2026-08-05T07:34:42.963+00:00;master;ping;loss_pct;0.0;%;"{""sent"":58,""lost"":0,""target"":""1"",""scope"":""internet"",""host"":""1.1.1.1""}"
1715;3;1785915282.9734697;2026-08-05T07:34:42.973+00:00;master;ping;rtt_avg;5.284371047184385;ms;"{""target"":""8"",""scope"":""internet"",""host"":""8.8.8.8""}"
1716;3;1785915282.9734857;2026-08-05T07:34:42.973+00:00;master;ping;rtt_min;3.7615299224853516;ms;"{""target"":""8"",""scope"":""internet"",""host"":""8.8.8.8""}"
1717;3;1785915282.9734936;2026-08-05T07:34:42.973+00:00;master;ping;rtt_max;12.292861938476562;ms;"{""target"":""8"",""scope"":""internet"",""host"":""8.8.8.8""}"
1718;3;1785915282.9734995;2026-08-05T07:34:42.973+00:00;master;ping;rtt_p95;7.310390472412109;ms;"{""target"":""8"",""scope"":""internet"",""host"":""8.8.8.8""}"
1719;3;1785915282.9735057;2026-08-05T07:34:42.973+00:00;master;ping;jitter;1.1525990670187432;ms;"{""target"":""8"",""scope"":""internet"",""host"":""8.8.8.8""}"
1720;3;1785915282.9735162;2026-08-05T07:34:42.973+00:00;master;ping;loss_pct;0.0;%;"{""sent"":58,""lost"":0,""target"":""8"",""scope"":""internet"",""host"":""8.8.8.8""}"
1721;3;1785915283.6118712;2026-08-05T07:34:43.611+00:00;master;wlan;local_rssi;-54.0;dBm;"{""band"":""5GHz"",""ssid"":""TestWLAN-5G"",""approximated"":true}"
1722;3;1785915283.611891;2026-08-05T07:34:43.611+00:00;master;wlan;local_rx_rate;2162.0;Mbit/s;"{""band"":""5GHz""}"
1723;3;1785915284.3133717;2026-08-05T07:34:44.313+00:00;master;traffic;stream_rate;5.001536185501293;Mbit/s;"{""profile"":""stream-hd#1"",""target_mbps"":5.0}"
1724;3;1785915284.781517;2026-08-05T07:34:44.781+00:00;master;traffic;web_ttfb;72.306999999455;ms;"{""profile"":""surfen#1"",""url"":""https://www.ethz.ch/"",""status"":200}"
1725;3;1785915284.781535;2026-08-05T07:34:44.781+00:00;master;traffic;web_total;74.848799999927;ms;"{""size_bytes"":67278,""profile"":""surfen#1"",""url"":""https://www.ethz.ch/"",""status"":200}"
1726;3;1785915284.8119755;2026-08-05T07:34:44.811+00:00;master;traffic;bytes_total;2647794.0;bytes;"{""profile"":""surfen#1"",""requests_ok"":22,""requests_failed"":0}"
1727;3;1785915284.8119905;2026-08-05T07:34:44.811+00:00;master;traffic;bytes_total;2580516.0;bytes;"{""profile"":""surfen#2"",""requests_ok"":21,""requests_failed"":0}"
1728;3;1785915284.8119972;2026-08-05T07:34:44.811+00:00;master;traffic;bytes_total;65667072.0;bytes;"{""profile"":""stream-hd#1"",""requests_ok"":0,""requests_failed"":0}"
1729;3;1785915284.8120031;2026-08-05T07:34:44.812+00:00;master;traffic;bytes_total;77725696.0;bytes;"{""profile"":""dauerdownload#1"",""requests_ok"":0,""requests_failed"":0}"
1730;3;1785915284.855293;2026-08-05T07:34:44.855+00:00;master;traffic;web_ttfb;66.37589999991178;ms;"{""profile"":""surfen#1"",""url"":""https://www.admin.ch/"",""status"":200}"
1731;3;1785915284.8553145;2026-08-05T07:34:44.855+00:00;master;traffic;web_total;73.7263000000894;ms;"{""size_bytes"":258993,""profile"":""surfen#1"",""url"":""https://www.admin.ch/"",""status"":200}"
1732;3;1785915284.89441;2026-08-05T07:34:44.894+00:00;master;traffic;web_ttfb;100.06119999980001;ms;"{""profile"":""surfen#2"",""url"":""https://www.ethz.ch/"",""status"":200}"
1733;3;1785915284.8944287;2026-08-05T07:34:44.894+00:00;master;traffic;web_total;102.88440000022092;ms;"{""size_bytes"":67278,""profile"":""surfen#2"",""url"":""https://www.ethz.ch/"",""status"":200}"
1734;3;1785915284.9022346;2026-08-05T07:34:44.902+00:00;master;traffic;web_ttfb;43.879500000002736;ms;"{""profile"":""surfen#1"",""url"":""https://www.ch.ch/de"",""status"":200}"
1735;3;1785915284.902252;2026-08-05T07:34:44.902+00:00;master;traffic;web_total;46.8948999996428;ms;"{""size_bytes"":43250,""profile"":""surfen#1"",""url"":""https://www.ch.ch/de"",""status"":200}"
1736;3;1785915284.905676;2026-08-05T07:34:44.905+00:00;master;ping;dns_resolve;2.2267000003921567;ms;"{""hostname"":""www.google.com""}"
1737;3;1785915284.925382;2026-08-05T07:34:44.925+00:00;master;ping;dns_resolve;19.681899999341113;ms;"{""hostname"":""www.sbb.ch""}"
1738;3;1785915284.977761;2026-08-05T07:34:44.977+00:00;master;traffic;web_ttfb;78.3382999998139;ms;"{""profile"":""surfen#2"",""url"":""https://www.admin.ch/"",""status"":200}"
1739;3;1785915284.977777;2026-08-05T07:34:44.977+00:00;master;traffic;web_total;83.30990000013117;ms;"{""size_bytes"":259063,""profile"":""surfen#2"",""url"":""https://www.admin.ch/"",""status"":200}"
1740;3;1785915285.00393;2026-08-05T07:34:45.003+00:00;master;traffic;web_ttfb;24.054999999862048;ms;"{""profile"":""surfen#2"",""url"":""https://www.ch.ch/de"",""status"":200}"
1741;3;1785915285.0039468;2026-08-05T07:34:45.003+00:00;master;traffic;web_total;26.132699999834585;ms;"{""size_bytes"":43250,""profile"":""surfen#2"",""url"":""https://www.ch.ch/de"",""status"":200}"
1742;3;1785915289.3466282;2026-08-05T07:34:49.346+00:00;master;traffic;stream_rate;4.999941488791531;Mbit/s;"{""profile"":""stream-hd#1"",""target_mbps"":5.0}"
1743;3;1785915292.6913533;2026-08-05T07:34:52.691+00:00;master;uptime;router_uptime;1727943.0;s;
1744;3;1785915292.6913598;2026-08-05T07:34:52.691+00:00;master;uptime;wan_uptime;1727894.0;s;
1745;3;1785915292.6913633;2026-08-05T07:34:52.691+00:00;master;uptime;sync_down;4294967.0;kbit/s;
1746;3;1785915292.6913667;2026-08-05T07:34:52.691+00:00;master;uptime;sync_up;4294967.0;kbit/s;
1747;3;1785915292.69137;2026-08-05T07:34:52.691+00:00;master;uptime;hosts;5.0;;
1748;3;1785915292.691376;2026-08-05T07:34:52.691+00:00;master;uptime;availability;100.0;%;
1749;3;1785915292.6913788;2026-08-05T07:34:52.691+00:00;master;uptime;reboots_unplanned;0.0;;
1750;3;1785915292.691382;2026-08-05T07:34:52.691+00:00;master;uptime;wan_reconnects;0.0;;
1751;3;1785915292.6913898;2026-08-05T07:34:52.691+00:00;master;uptime;throughput_up;0.2708629106321955;Mbit/s;
1752;3;1785915292.6913927;2026-08-05T07:34:52.691+00:00;master;uptime;throughput_down;17.21123978747246;Mbit/s;
1753;3;1785915294.3789701;2026-08-05T07:34:54.378+00:00;master;traffic;stream_rate;5.000855274244774;Mbit/s;"{""profile"":""stream-hd#1"",""target_mbps"":5.0}"
1754;3;1785915299.4105313;2026-08-05T07:34:59.410+00:00;master;traffic;stream_rate;5.001621076358163;Mbit/s;"{""profile"":""stream-hd#1"",""target_mbps"":5.0}"
1755;3;1785915299.9793122;2026-08-05T07:34:59.979+00:00;master;traffic;web_ttfb;67.8501000002143;ms;"{""profile"":""surfen#1"",""url"":""https://www.ethz.ch/"",""status"":200}"
1756;3;1785915299.9793293;2026-08-05T07:34:59.979+00:00;master;traffic;web_total;70.4304000000775;ms;"{""size_bytes"":67278,""profile"":""surfen#1"",""url"":""https://www.ethz.ch/"",""status"":200}"
1757;3;1785915300.0693278;2026-08-05T07:35:00.069+00:00;master;traffic;web_ttfb;79.79909999994561;ms;"{""profile"":""surfen#1"",""url"":""https://www.admin.ch/"",""status"":200}"
1758;3;1785915300.0693462;2026-08-05T07:35:00.069+00:00;master;traffic;web_total;89.97780000026978;ms;"{""size_bytes"":258988,""profile"":""surfen#1"",""url"":""https://www.admin.ch/"",""status"":200}"
1759;3;1785915300.0979981;2026-08-05T07:35:00.097+00:00;master;traffic;web_ttfb;80.6046999996397;ms;"{""profile"":""surfen#2"",""url"":""https://www.ethz.ch/"",""status"":200}"
1760;3;1785915300.098015;2026-08-05T07:35:00.098+00:00;master;traffic;web_total;82.63960000022053;ms;"{""size_bytes"":67278,""profile"":""surfen#2"",""url"":""https://www.ethz.ch/"",""status"":200}"
1761;3;1785915300.1033387;2026-08-05T07:35:00.103+00:00;master;traffic;web_ttfb;31.125600000450504;ms;"{""profile"":""surfen#1"",""url"":""https://www.ch.ch/de"",""status"":200}"
1762;3;1785915300.103355;2026-08-05T07:35:00.103+00:00;master;traffic;web_total;33.97170000062033;ms;"{""size_bytes"":43250,""profile"":""surfen#1"",""url"":""https://www.ch.ch/de"",""status"":200}"
1763;3;1785915300.1812303;2026-08-05T07:35:00.181+00:00;master;traffic;web_ttfb;76.65929999984655;ms;"{""profile"":""surfen#2"",""url"":""https://www.admin.ch/"",""status"":200}"
1764;3;1785915300.1812475;2026-08-05T07:35:00.181+00:00;master;traffic;web_total;83.19500000015978;ms;"{""size_bytes"":258988,""profile"":""surfen#2"",""url"":""https://www.admin.ch/"",""status"":200}"
1765;3;1785915300.2097979;2026-08-05T07:35:00.209+00:00;master;traffic;web_ttfb;26.013600000624137;ms;"{""profile"":""surfen#2"",""url"":""https://www.ch.ch/de"",""status"":200}"
1766;3;1785915300.2098167;2026-08-05T07:35:00.209+00:00;master;traffic;web_total;28.52729999995063;ms;"{""size_bytes"":43250,""profile"":""surfen#2"",""url"":""https://www.ch.ch/de"",""status"":200}"
1767;3;1785915302.6885204;2026-08-05T07:35:02.688+00:00;master;uptime;router_uptime;1727953.0;s;
1768;3;1785915302.688528;2026-08-05T07:35:02.688+00:00;master;uptime;wan_uptime;1727904.0;s;
1769;3;1785915302.6885326;2026-08-05T07:35:02.688+00:00;master;uptime;sync_down;4294967.0;kbit/s;
1770;3;1785915302.6885366;2026-08-05T07:35:02.688+00:00;master;uptime;sync_up;4294967.0;kbit/s;
1771;3;1785915302.6885405;2026-08-05T07:35:02.688+00:00;master;uptime;hosts;5.0;;
1772;3;1785915302.688547;2026-08-05T07:35:02.688+00:00;master;uptime;availability;100.0;%;
1773;3;1785915302.6885495;2026-08-05T07:35:02.688+00:00;master;uptime;reboots_unplanned;0.0;;
1774;3;1785915302.6885524;2026-08-05T07:35:02.688+00:00;master;uptime;wan_reconnects;0.0;;
1775;3;1785915302.6885605;2026-08-05T07:35:02.688+00:00;master;uptime;throughput_up;0.42861807319764494;Mbit/s;
1776;3;1785915302.6885638;2026-08-05T07:35:02.688+00:00;master;uptime;throughput_down;14.807636872777284;Mbit/s;
1777;3;1785915304.4499273;2026-08-05T07:35:04.449+00:00;master;traffic;stream_rate;4.993854376870607;Mbit/s;"{""profile"":""stream-hd#1"",""target_mbps"":5.0}"
1778;3;1785915309.4777908;2026-08-05T07:35:09.477+00:00;master;traffic;stream_rate;5.0053085560801716;Mbit/s;"{""profile"":""stream-hd#1"",""target_mbps"":5.0}"
1779;3;1785915312.702695;2026-08-05T07:35:12.702+00:00;master;uptime;router_uptime;1727963.0;s;
1780;3;1785915312.7027023;2026-08-05T07:35:12.702+00:00;master;uptime;wan_uptime;1727914.0;s;
1781;3;1785915312.702707;2026-08-05T07:35:12.702+00:00;master;uptime;sync_down;4294967.0;kbit/s;
1782;3;1785915312.702711;2026-08-05T07:35:12.702+00:00;master;uptime;sync_up;4294967.0;kbit/s;
1783;3;1785915312.7027154;2026-08-05T07:35:12.702+00:00;master;uptime;hosts;5.0;;
1784;3;1785915312.702722;2026-08-05T07:35:12.702+00:00;master;uptime;availability;100.0;%;
1785;3;1785915312.702726;2026-08-05T07:35:12.702+00:00;master;uptime;reboots_unplanned;0.0;;
1786;3;1785915312.7027292;2026-08-05T07:35:12.702+00:00;master;uptime;wan_reconnects;0.0;;
1787;3;1785915312.7027392;2026-08-05T07:35:12.702+00:00;master;uptime;throughput_up;0.2578360555106517;Mbit/s;
1788;3;1785915312.7027433;2026-08-05T07:35:12.702+00:00;master;uptime;throughput_down;11.201950546631643;Mbit/s;
1789;3;1785915312.9329097;2026-08-05T07:35:12.932+00:00;master;wlan;clients;0.0;;"{""band"":""2.4GHz"",""ssid"":""TestWLAN-2G""}"
1790;3;1785915312.9329252;2026-08-05T07:35:12.932+00:00;master;wlan;clients;2.0;;"{""band"":""5GHz"",""ssid"":""TestWLAN-5G""}"
1791;3;1785915312.9329324;2026-08-05T07:35:12.932+00:00;master;wlan;clients;0.0;;"{""band"":""6GHz"",""ssid"":""FRITZ! Gastzugang""}"
1792;3;1785915312.9329548;2026-08-05T07:35:12.932+00:00;master;wlan;client_rssi;70.0;dBm;"{""mac"":""AA:BB:CC:00:00:01"",""band"":""5GHz""}"
1793;3;1785915312.9329634;2026-08-05T07:35:12.932+00:00;master;wlan;client_link_speed;1297.0;Mbit/s;"{""mac"":""AA:BB:CC:00:00:01"",""band"":""5GHz""}"
1794;3;1785915312.9329708;2026-08-05T07:35:12.932+00:00;master;wlan;client_rssi;70.0;dBm;"{""mac"":""AA:BB:CC:00:00:02"",""band"":""5GHz""}"
1795;3;1785915312.9329767;2026-08-05T07:35:12.932+00:00;master;wlan;client_link_speed;864.0;Mbit/s;"{""mac"":""AA:BB:CC:00:00:02"",""band"":""5GHz""}"
1796;3;1785915313.4727106;2026-08-05T07:35:13.472+00:00;master;wlan;local_rssi;-54.0;dBm;"{""band"":""5GHz"",""ssid"":""TestWLAN-5G"",""approximated"":true}"
1797;3;1785915313.4727232;2026-08-05T07:35:13.472+00:00;master;wlan;local_rx_rate;1922.0;Mbit/s;"{""band"":""5GHz""}"
1798;3;1785915314.5088668;2026-08-05T07:35:14.508+00:00;master;traffic;stream_rate;5.002117954408485;Mbit/s;"{""profile"":""stream-hd#1"",""target_mbps"":5.0}"
1799;3;1785915314.9540398;2026-08-05T07:35:14.954+00:00;master;ping;dns_resolve;14.620399999330402;ms;"{""hostname"":""www.google.com""}"
1800;3;1785915314.9619596;2026-08-05T07:35:14.961+00:00;master;ping;dns_resolve;7.897899999989022;ms;"{""hostname"":""www.sbb.ch""}"
1801;3;1785915315.1809125;2026-08-05T07:35:15.180+00:00;master;traffic;web_ttfb;69.03330000022834;ms;"{""profile"":""surfen#1"",""url"":""https://www.ethz.ch/"",""status"":200}"
1802;3;1785915315.1809301;2026-08-05T07:35:15.180+00:00;master;traffic;web_total;71.81390000005194;ms;"{""size_bytes"":67278,""profile"":""surfen#1"",""url"":""https://www.ethz.ch/"",""status"":200}"
1803;3;1785915315.2725923;2026-08-05T07:35:15.272+00:00;master;traffic;web_ttfb;85.66700000028504;ms;"{""profile"":""surfen#1"",""url"":""https://www.admin.ch/"",""status"":200}"
1804;3;1785915315.2726085;2026-08-05T07:35:15.272+00:00;master;traffic;web_total;91.64099999998143;ms;"{""size_bytes"":258988,""profile"":""surfen#1"",""url"":""https://www.admin.ch/"",""status"":200}"
1805;3;1785915315.2983634;2026-08-05T07:35:15.298+00:00;master;traffic;web_ttfb;80.16610000049695;ms;"{""profile"":""surfen#2"",""url"":""https://www.ethz.ch/"",""status"":200}"
1806;3;1785915315.2983801;2026-08-05T07:35:15.298+00:00;master;traffic;web_total;82.43010000023787;ms;"{""size_bytes"":67278,""profile"":""surfen#2"",""url"":""https://www.ethz.ch/"",""status"":200}"
1807;3;1785915315.3080492;2026-08-05T07:35:15.308+00:00;master;traffic;web_ttfb;32.862300000488176;ms;"{""profile"":""surfen#1"",""url"":""https://www.ch.ch/de"",""status"":200}"
1808;3;1785915315.308065;2026-08-05T07:35:15.308+00:00;master;traffic;web_total;35.420999999587366;ms;"{""size_bytes"":43250,""profile"":""surfen#1"",""url"":""https://www.ch.ch/de"",""status"":200}"
1809;3;1785915315.372579;2026-08-05T07:35:15.372+00:00;master;traffic;web_ttfb;67.31480000053125;ms;"{""profile"":""surfen#2"",""url"":""https://www.admin.ch/"",""status"":200}"
1810;3;1785915315.3725958;2026-08-05T07:35:15.372+00:00;master;traffic;web_total;74.17960000020685;ms;"{""size_bytes"":258988,""profile"":""surfen#2"",""url"":""https://www.admin.ch/"",""status"":200}"
1811;3;1785915315.4111335;2026-08-05T07:35:15.411+00:00;master;traffic;web_ttfb;35.848199999236385;ms;"{""profile"":""surfen#2"",""url"":""https://www.ch.ch/de"",""status"":200}"
1812;3;1785915315.4111507;2026-08-05T07:35:15.411+00:00;master;traffic;web_total;38.51750000012544;ms;"{""size_bytes"":43250,""profile"":""surfen#2"",""url"":""https://www.ch.ch/de"",""status"":200}"
1813;3;1785915318.6741555;2026-08-05T07:35:18.674+00:00;master;traffic;download_rate;5.4517653963296135;Mbit/s;"{""profile"":""dauerdownload#1"",""size_bytes"":104857600,""duration_s"":153.87}"
1814;3;1785915319.5426695;2026-08-05T07:35:19.542+00:00;master;traffic;stream_rate;4.999406010946067;Mbit/s;"{""profile"":""stream-hd#1"",""target_mbps"":5.0}"
1815;3;1785915322.6903565;2026-08-05T07:35:22.690+00:00;master;uptime;router_uptime;1727973.0;s;
1816;3;1785915322.6903632;2026-08-05T07:35:22.690+00:00;master;uptime;wan_uptime;1727924.0;s;
1817;3;1785915322.6903677;2026-08-05T07:35:22.690+00:00;master;uptime;sync_down;4294967.0;kbit/s;
1818;3;1785915322.6903715;2026-08-05T07:35:22.690+00:00;master;uptime;sync_up;4294967.0;kbit/s;
1819;3;1785915322.6903756;2026-08-05T07:35:22.690+00:00;master;uptime;hosts;5.0;;
1820;3;1785915322.6903818;2026-08-05T07:35:22.690+00:00;master;uptime;availability;100.0;%;
1821;3;1785915322.6903853;2026-08-05T07:35:22.690+00:00;master;uptime;reboots_unplanned;0.0;;
1822;3;1785915322.6903884;2026-08-05T07:35:22.690+00:00;master;uptime;wan_reconnects;0.0;;
1823;3;1785915322.6903973;2026-08-05T07:35:22.690+00:00;master;uptime;throughput_up;0.19590016234936508;Mbit/s;
1824;3;1785915322.6904006;2026-08-05T07:35:22.690+00:00;master;uptime;throughput_down;11.822653655102787;Mbit/s;
1825;3;1785915324.5774546;2026-08-05T07:35:24.577+00:00;master;traffic;stream_rate;4.99842752811378;Mbit/s;"{""profile"":""stream-hd#1"",""target_mbps"":5.0}"
1826;3;1785915329.6086392;2026-08-05T07:35:29.608+00:00;master;traffic;stream_rate;5.001997851587044;Mbit/s;"{""profile"":""stream-hd#1"",""target_mbps"":5.0}"
1827;3;1785915330.396804;2026-08-05T07:35:30.396+00:00;master;traffic;web_ttfb;84.10249999997177;ms;"{""profile"":""surfen#1"",""url"":""https://www.ethz.ch/"",""status"":200}"
1828;3;1785915330.3968215;2026-08-05T07:35:30.396+00:00;master;traffic;web_total;87.22070000021631;ms;"{""size_bytes"":67278,""profile"":""surfen#1"",""url"":""https://www.ethz.ch/"",""status"":200}"
1829;3;1785915330.4732554;2026-08-05T07:35:30.473+00:00;master;traffic;web_ttfb;71.164800000588;ms;"{""profile"":""surfen#1"",""url"":""https://www.admin.ch/"",""status"":200}"
1830;3;1785915330.4732711;2026-08-05T07:35:30.473+00:00;master;traffic;web_total;76.41450000028271;ms;"{""size_bytes"":259630,""profile"":""surfen#1"",""url"":""https://www.admin.ch/"",""status"":200}"
1831;3;1785915330.4896066;2026-08-05T07:35:30.489+00:00;master;traffic;web_ttfb;75.48990000032063;ms;"{""profile"":""surfen#2"",""url"":""https://www.ethz.ch/"",""status"":200}"
1832;3;1785915330.489623;2026-08-05T07:35:30.489+00:00;master;traffic;web_total;77.9806999998982;ms;"{""size_bytes"":67278,""profile"":""surfen#2"",""url"":""https://www.ethz.ch/"",""status"":200}"
1833;3;1785915330.5153952;2026-08-05T07:35:30.515+00:00;master;traffic;web_ttfb;31.70270000009623;ms;"{""profile"":""surfen#1"",""url"":""https://www.ch.ch/de"",""status"":200}"
1834;3;1785915330.5154114;2026-08-05T07:35:30.515+00:00;master;traffic;web_total;42.105000000447035;ms;"{""size_bytes"":43250,""profile"":""surfen#1"",""url"":""https://www.ch.ch/de"",""status"":200}"
1835;3;1785915330.5561783;2026-08-05T07:35:30.556+00:00;master;traffic;web_ttfb;59.66640000042389;ms;"{""profile"":""surfen#2"",""url"":""https://www.admin.ch/"",""status"":200}"
1836;3;1785915330.556195;2026-08-05T07:35:30.556+00:00;master;traffic;web_total;66.5329000003112;ms;"{""size_bytes"":259630,""profile"":""surfen#2"",""url"":""https://www.admin.ch/"",""status"":200}"
1837;3;1785915330.5861237;2026-08-05T07:35:30.586+00:00;master;traffic;web_ttfb;27.894900000319467;ms;"{""profile"":""surfen#2"",""url"":""https://www.ch.ch/de"",""status"":200}"
1838;3;1785915330.5861394;2026-08-05T07:35:30.586+00:00;master;traffic;web_total;29.90829999998823;ms;"{""size_bytes"":43250,""profile"":""surfen#2"",""url"":""https://www.ch.ch/de"",""status"":200}"
1839;3;1785915332.7172127;2026-08-05T07:35:32.717+00:00;master;uptime;router_uptime;1727983.0;s;
1840;3;1785915332.71722;2026-08-05T07:35:32.717+00:00;master;uptime;wan_uptime;1727934.0;s;
1841;3;1785915332.7172241;2026-08-05T07:35:32.717+00:00;master;uptime;sync_down;4294967.0;kbit/s;
1842;3;1785915332.717228;2026-08-05T07:35:32.717+00:00;master;uptime;sync_up;4294967.0;kbit/s;
1843;3;1785915332.7172325;2026-08-05T07:35:32.717+00:00;master;uptime;hosts;5.0;;
1844;3;1785915332.717238;2026-08-05T07:35:32.717+00:00;master;uptime;availability;100.0;%;
1845;3;1785915332.7172413;2026-08-05T07:35:32.717+00:00;master;uptime;reboots_unplanned;0.0;;
1846;3;1785915332.7172441;2026-08-05T07:35:32.717+00:00;master;uptime;wan_reconnects;0.0;;
1847;3;1785915332.717252;2026-08-05T07:35:32.717+00:00;master;uptime;throughput_up;0.28155347406771075;Mbit/s;
1848;3;1785915332.717255;2026-08-05T07:35:32.717+00:00;master;uptime;throughput_down;18.803066624426325;Mbit/s;
1849;3;1785915334.6437442;2026-08-05T07:35:34.643+00:00;master;traffic;stream_rate;4.998146784001583;Mbit/s;"{""profile"":""stream-hd#1"",""target_mbps"":5.0}"
1850;3;1785915339.6771572;2026-08-05T07:35:39.677+00:00;master;traffic;stream_rate;4.99978622714771;Mbit/s;"{""profile"":""stream-hd#1"",""target_mbps"":5.0}"
